base,digit_length,representation,head[:10],mid[:10],tail[:10],numerator/denominator(B^(L-1))
2,180,100001101111101000…000000000000000000,1000011011,1111110111,1100001100,11482618231106483731969943632999939453125/10889035741470030830827987437816582766
3,113,222112212202112021…000000000000000000,2221122122,2222212021,1002200100,231737134238290082302814542435975168000000000/7855167211278941183302257731529054
4,90,201233220333110100…000000000000000000,2012332203,3331301030,3003011000,11482618231106483731969943632999939453125/54445178707350154154139937189082913832
5,78,110230334122241032…214031131000000000,1102303341,1311300100,4440103121,413704921494790592453867471340395907586946236416/3388131789017201356273290002718
6,70,135020434100441221…000000000000000000,1350204341,4235442304,5504000000,3293182746777604312211658203125/2007388267578592053659606974464
7,64,443134222562526056…421143534121000000,4431342225,6532232030,4652421143,6868034788179354485685895374900855570432000000000/148111329661697774146410553251
8,60,415750772420310470…612000000000000000,4157507724,7734230531,6061200000,11482618231106483731969943632999939453125/27222589353675077077069968594541456916
9,57,284856752373754162…261038670000000000,2848567523,8876757636,3261038670,231737134238290082302814542435975168000000000/7855167211278941183302257731529054
10,54,808017424794512875…005754368000000000,8080174247,8864599049,0057543680,5879100534326519670768611140095969/727595761418342590332031250000000
11,52,629166240521476580…802964363717906600,6291662405,0994946215,8029643637,6677829956979445255259999214559593033105408000000000/106718957163359378642424087
12,50,a7a33098b169885b23…000000000000000000,a7a33098b1,2331606809,0000000000,3293182746777604312211658203125/309083741926783601990820691968
13,49,2986240a341c4104c6…ccb150892caa682000,2986240a34,c6a3418bb9,cb150892ca,367782168773105542051187940355808264454144000000000/1341068167132499341536581124
14,48,1148863ab1a8746946…d340769a31a8000000,1148863ab1,46bd32c638,40769a31a8,97600644553769974517164987658203125/89135280652726391800380091949136014
15,46,9952d5dab1ad6958d8…70b1c2c1c000000000,9952d5dab1,8d8dc5a4d4,b1c2c1c000,118649412730004522139041045727219286016/12329672018575365655124187469482421875
16,45,86fa3f510644e13fdc…c78c31400000000000,86fa3f5106,fdc4c5673c,c314000000,11482618231106483731969943632999939453125/13611294676837538538534984297270728458
17,44,9g487d0ed5g40gc79d…3a6cc4fd5f74696020,9g487d0ed5,c79d7936d0,cc4fd5f746,47530436752618404463909406174218279823867904000000000/47736953318395662348189684
18,43,f63fec7c42eh2hcb3g…3a2666fa0000000000,f63fec7c42,cb3g854679,666fa00000,52690923948441668995386531250000/3433683820292512484657849089281
19,43,1b1g050g1ggdf94260…37e7iafg939636b5g0,1b1g050g1g,4260gbaib4,7iafg93963,42527232883921730309813679208511092473987072000000000/26847115986241183138017674
20,42,3d9fa117949ea72h6g…ce3344c34000000000,3d9fa11794,2h6g94jdai,44c3400000,5879100534326519670768611140095969/1600000000000000000000000000000000
21,41,a94a7cb6i4acjfg15e…93f07786g8jf000000,a94a7cb6i4,fg15ekj24j,7786g8jf00,1969733140428648626871580229632000000000/188694158142734186952338621346543616449
22,41,1dfja4f76ec5ldceak…l066i95g5505l5bi00,1dfja4f76e,dceaki797h,i95g5505l5,6073450965213346767322945392661125000000/374043434447735138891647570536338185668
23,40,6730i34ke1j6jil39e00k60db6730k4h6771l7b0,6730i34ke1,il39e00k60,730k4h6771,35131192382370125038541734998335250304598016000000000/55674685017461345328460580
24,40,14j4k3nchfni3n00e5bdbneh6000000000000000,14j4k3nchf,n00e5bdbne,0000000000,3293182746777604312211658203125/2744312298045852107919920726016
25,39,62filce5hfoil86f108mga83nnok5gbkg850000,62filce5hf,86f108mga8,ok5gbkg850,413704921494790592453867471340395907586946236416/6776263578034402712546580005437
26,39,19jk776h0emg619d34gmh5iacm93240bmd5a000,19jk776h0e,19d34gmh5i,93240bmd5a,1337983735622785541822624292238500000000/972786042517719014174576083150881262357
27,38,8mpomkbcmm525qn7hfb2gp2ac38118k9000000,8mpomkbcmm,5qn7hfb2gp,38118k9000,231737134238290082302814542435975168000000000/2618389070426313727767419243843018
28,38,28ek0dll3ka859113ke2qnb1ifjbk9m8000000,28ek0dll3k,59113ke2qn,fjbk9m8000,97600644553769974517164987658203125/42352506622098041988396815176695808
29,37,i716shd7mr2joojndnqk7l97r4g5f4kmbi9q0,i716shd7mr,oojndnqk7l,r4g5f4kmbi,27862669820500443996084824309024508862267392000000000/15273196049090662554422445
30,37,5bf1d0gntepl9g6opclrlbst77d6000000000,5bf1d0gnte,9g6opclrlb,77d6000000,1726576195942536609640825856/320723064243793487548828125
31,37,1k7usa0tclu2ebajp4gjcc103qa0kcqj49ks0,1k7usa0tcl,ebajp4gjcc,3qa0kcqj49,26065078219177834706014835643926153451798528000000000/15763740762379653595732059
32,36,grt3uk868jgjvn2capps4v3ooca000000000,grt3uk868j,vn2capps4v,oca0000000,11482618231106483731969943632999939453125/68056473384187692692674921486353642291
33,36,5olbvmqkactm4ngw7uuss2frq4i012svpu00,5olbvmqkac,4ngw7uuss2,q4i012svpu,1915182927589174233907558201950208000000000/333255580831609109449077252944834663
34,36,20oq96twascaxf2op2v99njl362fvmlxhpi0,20oq96twas,xf2op2v99n,362fvmlxhp,1383317772782710510769084974140228000000000/684326450885775034048946719925754910
35,35,pmro0h1fyrkriqpmtgiqtolvoxjvf000000,pmro0h1fyr,riqpmtgiqt,voxjvf0000,3516433811547829496671178431949238052061184/137086670561057317548036873340606689
36,35,9ucrp0s8d9hgfyqir9j3qshz40000000000,9ucrp0s8d9,gfyqir9j3q,z400000000,3293182746777604312211658203125/334564711263098675609934495744
37,35,3whfoob3gm8a2lpixtjdvwA7czmp8m23ydl,3whfoob3gm,a2lpixtjdv,7czmp8m23y,808017424794512875886459904961710757005754368000000000/2083812401195937735983718
38,35,1lj8ywko2frg69n6p9b78g4r0kdgBuep680,1lj8ywko2f,g69n6p9b78,r0kdgBuep6,2475410751295376703481520480040408000000000/158077053215686197999714979360529645
39,34,p9vpAAChkfyloxdslfd6s744etyhx1f000,p9vpAAChkf,loxdslfd6s,44etyhx1f0,105478895875416514475564197740544000000000/4177119314570911199068801902048685180
40,34,aC13fApafkBcvkumb8cbei1Aw000000000,aC13fApafk,cvkumb8cbe,1Aw0000000,5879100534326519670768611140095969/536870912000000000000000000000000
41,34,4yvcDkjukw8ajqoE1iby8yj2hlp603yDE0,4yvcDkjukw,ajqoE1iby8,j2hlp603yD,19707742068158850631377070852724652609896448000000000/40652140231756838999218681
42,34,27CDf0cmAajiauiDp5plCig1uqiA000000,27CDf0cmAa,iauiDp5plC,g1uqiA0000,229307117456180116496000000000/104766730700517064114916614389
43,34,10cs2fgqDy9demivwauB2qzeFhrlbxyDcd,10cs2fgqDy,demivwauB2,zeFhrlbxyD,808017424794512875886459904961710757005754368000000000/8025258571166733068109572
44,33,kwAe5D6kdcwrlezciep9F32Anl6cfkw00,kwAe5D6kdc,rlezciep9F,2Anl6cfkw0,94897671331458543239421021760330078125/4574256108374958360116279051236409344
45,33,a4Aq7EHdfzlowgAeDch8ghC9000000000,a4Aq7EHdfz,owgAeDch8g,C900000000,118649412730004522139041045727219286016/11739383961959019099247455596923828125
46,33,504Edvc6EJqE4Jfc2eACcyhfnfn5bsoE0,504Edvc6EJ,E4Jfc2eACc,hfnfn5bsoE,8179618134715157802808502455785696000000000/163517002219648134956095974858768292
47,33,2o6lgjH5A7KFlvDsjv5BD17adfyHD93K0,2o6lgjH5A7,FlvDsjv5BD,7adfyHD93K,17191860102010912252903402233227888446930944000000000/68396455513623034143881502
48,33,1dolJeoIhom6xJ090Eg85c00000000000,1dolJeoIho,6xJ090Eg85,0000000000,3293182746777604312211658203125/2569890986007272572940099518464
49,32,wmpgjIBGF2FCgn32rADz6yBu8vCtf000,wmpgjIBGF2,FCgn32rADz,yBu8vCtf00,6868034788179354485685895374900855570432000000000/211587613802425391637729361787
50,32,hhu5cL0FeJgyru7dfDdhd1ALftru0000,hhu5cL0FeJ,gyru7dfDdh,1ALftru000,192646366308811396571745849838664712192/11102230246251565404236316680908203125
51,32,9jNIlAjuwJMDy4pDlv0D6htzzykqDdc0,9jNIlAjuwJ,MDy4pDlv0D,htzzykqDdc,13631596131664122488400855437410304000000000/14514478729309082740468716202474551
52,32,57pKkbun9u2y3P1Clo0t9GjAOogyo000,57pKkbun9u,2y3P1Clo0t,GjAOogyo00,5226498967276506022744626141556640625/1016000204155282798363904252675424256
53,32,2J34GKLb9kvA5JbKzCqp0QEHmhrHdgMA,2J34GKLb9k,vA5JbKzCqp,QEHmhrHdgM,808017424794512875886459904961710757005754368000000000/2834992782812586577255256
54,32,1wbLpjErc1ld0jiytLu4A3g1IA000000,1wbLpjErc1,ld0jiytLu4,3g1IA00000,107911012246408538102551616000000000/67585198634817523235520443624317923
55,31,NDA4PlxlBKouxf1px5qF5R8NN5dnz00,NDA4PlxlBK,ouxf1px5qF,5R8NN5dnz0,3419048937973475970693119597854511632949968896/687646561176773233593349762349128
56,31,sRCB3wtyGExThNDQL6ebD7M98000000,sRCB3wtyGE,xThNDQL6eb,D7M9800000,97600644553769974517164987658203125/3370332665065233120494708448034816
57,31,h1zogpNjxPjMMkolDIrvN6Krt2oRPi0,h1zogpNjxP,jMMkolDIrv,N6Krt2oRPi,12196691275699478015937607496630272000000000/71625385895849896069591008481057658
58,31,a68FeBFwFVujenKuMEHG6BgeVofd9G0,a68FeBFwFV,ujenKuMEHG,6BgeVofd9G,25949133392889466133047662963182208000000000/25676861531612111345618282147310161
59,31,6328nPW12wzDD4r6c5yaGLKkviuflt0,6328nPW12w,zDD4r6c5ya,GLKkviuflt,13695210589737506370956947541723911135690752000000000/22631239341402655067784120
60,31,3DhQpy3Gql0koTvVA2JRgM000000000,3DhQpy3Gql,0koTvVA2JR,gM00000000,1686109566350133407852369/461320312500000000000000
61,31,2dLWiG3QSu7xhgzwgzxQy4HB58vrrGL,2dLWiG3QSu,7xhgzwgzxQ,y4HB58vrrG,808017424794512875886459904961710757005754368000000000/3629903255393722006795549
62,31,1mJyvNpIt282DI07e1JGQGvjXvB55e0,1mJyvNpIt2,82DI07e1JG,QGvjXvB55e,24274995754638532834141362126847872000000000/17761887753093897979823770061456102
63,30,RhuSkdpaGknZZvJLHSMW6xCA000000,RhuSkdpaGk,nZZvJLHSMW,6xCA000000,1969733140428648626871580229632000000000/36971119354906439206589160249709810527
64,30,xLE@kgp4Uj@sj5pPMDNUMNg0000000,xLE@kgp4Uj,@sj5pPMDNU,MNg0000000,11482618231106483731969943632999939453125/34028236692093846346337460743176821145
65,30,ly653LqlPL0GC4GVkexhTjc!2ga000,ly653LqlPL,0GC4GVkexh,Tjc!2ga000,188304470411830037530208225462173831400521728/8748372096373426118698083496952056
66,30,dSr8wbeyfDkZ9lH2QYU8ZujmMmEo00,dSr8wbeyfD,kZ9lH2QYU8,ZujmMmEo00,3567306189963918614960384000000000/258044015671293129414870724482393
67,30,8!VLq0QgsKAOnQZ9PKEKqSS!EdRaEe,8!VLq0QgsK,AOnQZ9PKEK,qSS!EdRaEe,808017424794512875886459904961710757005754368000000000/9040017648298964378946202
68,30,5Tzz@%z#0UWBpqvNW4fIJa#S0KM$Y0,5Tzz@%z#0U,WBpqvNW4fI,Ja#S0KM$Y0,675448131241557866586467272529408203125/116126074785250102836142519771394215936
69,30,3TU4T0VNAJo2p$fgGMia%aAlYmbXG0,3TU4T0VNAJ,o2p$fgGMia,%aAlYmbXG0,10075527575577829665339762714607616000000000/26452742292178303939679765539123336
70,30,2zKjsszeNZPBl2S0srhi9S5O000000,2zKjsszeNZ,PBl2S0srhi,9S5O000000,6549868381671289907155890822316032/2610087141044704088497161865234375
71,30,1L5!X9j5$rM59$4d^4Ap39Py^Mm%z0,1L5!X9j5$r,M59$4d^4Ap,39Py^Mm%z0,11380527109781871491358590210728320521207808000000000/68427986989409389818142448
72,30,17X21WShWk4sd4uBNx6g0000000000,17X21WShWk,4sd4uBNx6g,0000000000,3293182746777604312211658203125/2970554341965274237297521328128
